<appaction uniquename="cr468__Mscrm.Form.{!EntityLogicalName}.Save!cr468_DM_Report_NonComformities_App!cr468_dm_nonconformities!0">
  <appmoduleid>
    <uniquename>cr468_DM_Report_NonComformities_App</uniquename>
  </appmoduleid>
  <buttonaccessibilitytext default="Save">
    <label description="Save" languagecode="1033" />
  </buttonaccessibilitytext>
  <buttonlabeltext default="Save">
    <label description="Save" languagecode="1033" />
  </buttonlabeltext>
  <buttontooltipdescription default="Save this {EntityLogicalNameMarker}.">
    <label description="Save this {EntityLogicalNameMarker}." languagecode="1033" />
  </buttontooltipdescription>
  <buttontooltiptitle default="Save (CTRL+S)">
    <label description="Save (CTRL+S)" languagecode="1033" />
  </buttontooltiptitle>
  <context>1</context>
  <contextentity>
    <logicalname>cr468_dm_nonconformities</logicalname>
  </contextentity>
  <contextvalue>cr468_dm_nonconformities</contextvalue>
  <fonticon>$clientsvg:Save</fonticon>
  <hidden>0</hidden>
  <iscustomizable>1</iscustomizable>
  <isdisabled>0</isdisabled>
  <isgrouptitlehidden>0</isgrouptitlehidden>
  <location>0</location>
  <name>Mscrm.Form.{!EntityLogicalName}.Save</name>
  <onclickeventjavascriptfunctionname>XrmCore.Commands.Save.saveForm</onclickeventjavascriptfunctionname>
  <onclickeventjavascriptparameters>[{"type":5,"value":null}]</onclickeventjavascriptparameters>
  <onclickeventjavascriptwebresourceid>
    <webresourceid>adea1aea-b2aa-e611-80d6-00155d88c343</webresourceid>
  </onclickeventjavascriptwebresourceid>
  <onclickeventtype>2</onclickeventtype>
  <origin>2</origin>
  <sequence>100100025.0000000000</sequence>
  <statecode>0</statecode>
  <statuscode>1</statuscode>
  <type>0</type>
  <visibilitytype>2</visibilitytype>
</appaction>